E. Larsen,Eric Larsen
K. Knutson,K. Knutson
E. Osborn,Emily Lynn Osborn
K. Keenan,K. Keenan
B. Loschenkohl,B. Loschenkohl
C. Picken,C. Picken
M. Osadjan,M. Osadjan
D. Galenson,David Galenson
P. Berlekamp,Persis Berlekamp
K. Conzen,Kathleen N. Conzen
M. Tusler,Megan Rose Tusler
W. Veeder,William R. Veeder
R. Gooding,R. Gooding
M. Hansen,M. Hansen
P. Guyot,P. Guyot
P. Sereno,Paul Sereno
P. Sierwald,Petra Sierwald
Y. Amit,Yali Amit
A. Kravtsov,Andrey Kravtsov
B. Roizman,Bernard Roizman
A. Turkewitz,Aaron Turkewitz
D. Missiakas,Dominique Missiakas
S. Kurtz,Stuart A. Kurtz
H. Gray,H. Gray
D. Smyth,D. Smyth
J. Wilkinson,J. Wilkinson
J. Wardell,Jessica Wardell
Dorothea Hoffman,Dorothea Hoffman
Juan de,Juan de
G. Tolley,G. Tolley
I. Ruvinsky,I. Ruvinsky
R. Fulton,R. Fulton
D. Nichanian,D. Nichanian
A. Robertson,A. Robertson
M. Nalepa,Monika Nalepa
Faculty Director,Faculty Director
S. Palmi,S. Palmi
A. Blair,A. Blair
V. Pichugin,Valentina Pichugin
F. Klinger,Florian Klinger
L. R,L. R
E. Nerstad,E. Nerstad
R. Sherer,Renslow Sherer
S. Kron,Stephen J. Kron
J. Hall,J. Hall
Tamra Wysocki,Tamra Wysocki
J. Ketelaar,James Ketelaar
S. Muthu,Sankar Muthu
J. Schneider,J. Schneider
D. Casasanto,D. Casasanto
Z. Cahill,Zachary Cahill
S. Kozmin,S. Kozmin
L. Ruddick,Lisa Ruddick
F. Richter,Frank M. Richter
T. Sosnick,Tobin R. Sosnick
Giulia Galli,Giulia Galli
R. Shweder,Richard A. Shweder
D. Hanck,Dorothy A. Hanck
M. Spencer,M. Spencer
D. Simon,D. Simon
K. Mulmuley,Ketan Mulmuley
M. Rosner,Marsha R. Rosner
J. Craig,John E. Craig
Anastasia Giannakidou,Anastasia Giannakidou
N. Rohrer,Nathan Rohrer
J. Piccirilli,Joseph A. Piccirilli
V. Keller,Valerie Keller
A. Mangalagiri,A. Mangalagiri
D. Diner,D. Diner
D. Nirenberg,David Nirenberg
A. Inchiosa,A. Inchiosa
S. Creason,Stuart Creason
E. Laumann,Edward O. Laumann
John Goldsmith,John A Goldsmith
Pozen Visiting,Pozen Visiting
F. Lewis,F. Lewis
L. Hawkley,L. Hawkley
C. El,C. El
C. Vogler,Candace Vogler
F. Catteneo,F. Catteneo
K. Sunder,K. Sunder
M. Webster,Mark Webster
B. Fogel,B. Fogel
G. Hillhouse,G. Hillhouse
J. Shapiro,J. Shapiro
C. Mehring,Christine Mehring
J. Moss,Jonathan Moss
H. Coleman,Heidi Coleman
C. Vellutini,C. Vellutini
R. Neer,Richard Theodore Neer
L. Butler,L. Butler
D. Orlinsky,David E. Orlinsky
D. Neal,Derek Neal
P. Koch,P. Koch
A. Chervonsky,Alexander V. Chervonsky
L. Zerilli,Linda Zerilli
M. E,M. E
A. Lugo,A. Lugo
R. Bird,R. Bird
A. Feldman,A. Feldman
James Kallembach,James Kallembach
A. Anastasio,Alison Anastasio
A. Peart,Andrew Charles Peart
G. Voth,Gregory A. Voth
W. Wimsatt,William Wimsatt
R. Van,R. Van
A. Dinner,Aaron Dinner
A. Jones,Anita M Jones
D. Archer,David Archer
N. Moeller,N. Moeller
A. Winter,A. Winter
P. Desan,Philippe Desan
H. Long,Hoyt Long
C. Nakassis,Constantine V. Nakassis
L. Mets,Laurens Mets
Variant B,Variant B
Hilary Strang,Hilary Strang
M. McLeester,M. McLeester
S. Sisodia,Sangram S. Sisodia
D. Maestripieri,Dario Maestripieri
J. Steinberg,J. Steinberg
A. Browne,A. Browne
M. McClintock,Martha K. McClintock
Travis Jackson,Travis Jackson
R. Bodeen,R. Bodeen
A. Danzig,A. Danzig
K. Kimura,Keishi Kimura
J. Mearsheimer,John J. Mearsheimer
K. Birukov,K. Birukov
G. Greene,Geoffrey L. Greene
H. Chute,H. Chute
Z. Paul,Z. Paul
A. Briggs,A. Briggs
W. Howell,William Howell
N. Forster,Noha Forster
M. Musch,M. Musch
A. Di,A. Di
J. Lewis,J. Lewis
R. Ree,Richard H Ree
J. Reinitz,John Reinitz
David Awschalom,David Awschalom
A. Francis,A. Francis
M. Kronforst,Marcus Kronforst
of the,of the
L. Kruger,Loren A. Kruger
S. Ghahremani,S. Ghahremani
K. Angielczyk,Kenneth Angielczyk
J. Chu,J. Chu
E. Kouri,Emilio Kour
J. Reppy,John H Reppy
M. Mass,M. Mass
Eric Stover,Eric Stover
W. Schweiker,William Schweiker
C. Hawkins,C. Hawkins
D. Talapin,Dmitri Talapin
S. Boyle,S. Boyle
Ritner Johnson,Ritner Johnson
J. Carlstrom,John E. Carlstrom
A. Gugliotta,A. Gugliotta
R. Jean,R. Jean
G. Alitto,Guy S. Alitto
P. Martin,P. Martin
U. Schmidt,U. Schmidt
California at,California at
H. Dik,Helma Dik
M. Rossi,M. Rossi
M. Brady,M. Brady
L. Gandhi,Linnea Gandhi
J. Quintans,J. Quintans
K. Krause,K. Krause
M. Tartari,M. Tartari
D. New,David A New
J. Lyon,Jonathan Lyon
D. Wray,David Wray
L. McEnerney,L. McEnerney
S. Wengle,S. Wengle
E. Munro,Ed Munro
H. Frank,H. Frank
D. Rowley,David B. Rowley
Kinga Kosmala,Kinga Kosmala
C. Wild,Christopher Wild
P. Lloyd,Philip E. Lloyd
R. Moellering,Raymond Moellering
S. Kidwell,Susan M. Kidwell
D. Delogu,Daisy Delogu
D. Hopkins,Dwight Hopkins
J. Boyer,John W. Boyer
C. Patel,C. Patel
K. Y,K. Y
H. Khafipour,H. Khafipour
P. Drake,P. Drake
R. Jackson,R. Jackson
T. Massad,T. Massad
E. Shaughnessy,Edward Louis Shaughnessy
R. Elgendy,R. Elgendy
M. Schill,Michael H. Schill
A. Fox,A. Fox
M. Lima,M. Lima
T. Mandalaywala,T. Mandalaywala
K. Morrison,K. Morrison
V. Prince,V. Prince
S. Reddy,S. Reddy
L. Osborne,L. Osborne
P. White,Peter White
J. Masco,Joseph P. Masco
E. Cook,E. Cook
P. Crowley,P. Crowley
P. Jagoda,Patrick Jagoda
R. Fehon,Richard Fehon
S. Armato,Samuel G. Armato
R. Cohen,R. Cohen
E. Fein,E. Fein
D. Webb,D. Webb
S. Huffman,S. Huffman
J. A,J. A
T. Zahra,Tara Zahra
C. Andrews,C. Andrews
C. Lipson,Charles Lipson
T. Jackson,T. Jackson
Toussaint Losier,Toussaint Losier
T. Price,T. Price
S. Mufwene,Salikoko Mufwene
R. Austen,Ralph Austen
R. Martin,R. Martin
R. Kondor,Risi Kondor
K. Schilt,Kristen Schilt
D. Harper,D. Harper
K. Cagney,Kathleen A. Cagney
Y. Gorbachov,Yaroslav Gorbachov
IME Faculty,IME Faculty
P. Rice,Phoebe A. Rice
W. Cox,W. Cox
B. Prendergast,Brian Prendergast
W. Kaegi,Walter E. Kaegi
R. Coronado,R. Coronado
Sarah Nooter,Sarah Nooter
F. de,F. de
N. Shubin,Neil H. Shubin
T. Islas,T. Islas
I. Foster,Ian T. Foster
S. Lee,S. Lee
S. Bensmaia,Sliman Bensmaia
M. Mrksich,M. Mrksich
P. Copp,Paul Copp
Ann Silver,Ann Silver
S. Klein,S. Klein
K. Knorr,K. Knorr
M. C,M. C
P. Privitera,Paolo Privitera
D. Borges,Dain Borges
S. Torallas,S. Torallas
M. LaBarbera,Michael C. LaBarbera
J. Simon,J. Simon
C. Moreau,Corrie Moreau
W. Pope,W. Pope
David Martinez,David Martinez
G. Most,Glenn W. Most
T. Parker,Theta L Parker
S. Meyer,S. Meyer
S. Mazzarella,S. Mazzarella
W. Du,W. Du
N. Kommattam,Nisha Kommattam
J. MacLean,Jason N. MacLean
C. Harris,C. Harris
R. So,R. So
J. McCormick,J. McCormick
P. Strieleman,Paul Strieleman
W. Goldstein,William Goldstein
V. Burgin,V. Burgin
A. Ginsburg,Amber Ginsburg
D. Spatz,D. Spatz
A. Kalil,Ariel Kalil
M. Lycett,M. Lycett
Liping Wang,Liping Wang
T Christianson,T Christianson
A. Rogers,A. Rogers
S. Messing,Susan Messing
Joel Collier,Joel Collier
T. Campbell,T. Campbell
P. Staniland,Paul Staniland
L. Pick,Lucy Pick
S. Hammerschlag,Sarah Hammerschlag
M. McNulty,M. McNulty
L. Auslander,Leora Auslander
K. Goss,K. Goss
A. Hammond,A. Hammond
E. Oliver,Eric Oliver
D. Mazziotti,David A. Mazziotti
C. Foxwell,Chelsea Foxwell
K. Pandian,K. Pandian
E. Gilburd,Eleonora Gilburd
E. Moyer,Elisabeth J. Moyer
L. Grossman,Lawrence Grossman
Rosario Granados,Rosario Granados
Ming Xiang,Ming Xiang
D. Arnold,D. Arnold
D. Desormeaux,D. Desormeaux
D. Abbot,Dorian Abbot
S. Salveter,S. Salveter
P. Iovene,Paola Iovene
J. Wild,Jennifer Wild
B. Tian,Bozhi Tian
S. Gay,S. Gay
M. Coleman,M. Coleman
S. Dodelson,S. Dodelson
J. Staley,Jonathan P. Staley
E. Adams,Erin Adams
C. Fleischer,C. Fleischer
L. Rothfield,Lawrence Rothfield
N. Golb,N. Golb
P. La,P. La
E. Blackwood,Easley Blackwood
A. Blanchette,A. Blanchette
W. T,W. T
K. Yoshida,Kotaro Yoshida
M. Jayanth,M. Jayanth
D. Chakrabarty,Dipesh Chakrabarty
J. Fernandez,J. Fernandez
S. Vaikuntanathan,Suriyanarayanan Vaikuntanathan
L. Choudar,L. Choudar
L. Kurina,L. Kurina
X. Wu,X. Wu
F. Alvarez,Fernando Alvarez
R. Tuttle,Russell H. Tuttle
N. Ristuccia,N. Ristuccia
J. Richland,J. Richland
M. Bowden,Mwata Bowden
B. Jabri,B. Jabri
D. Macuglia,D. Macuglia
Yang Zhang,Yang Zhang
K. Heikinen,K. Heikinen
A. Shissler,A. Shissler
S. Lu,S. Lu
K. Yamaguchi,Kazuo Yamaguchi
John Lucy,John A. Lucy
Matthew Tirrell,Matthew Tirrell
G. Allen,G. Allen
T. Zhurauliova,T. Zhurauliova
A. Almog,Ari L. Almog
J. Goldsmith,John A Goldsmith
Paul Nealey,Paul Nealey
R. Bieler,R. Bieler
D. Pardee,Dennis G. Pardee
J. Goldstein,J. Goldstein
F. Richard,F. Richard
N. Petkovic,Nada Petkovic
C. Rinker,C. Rinker
D. Freedman,D. Freedman
N. Toyosawa,N. Toyosawa
A. Henly,Anne Henly
R. West,Rebecca West
M. Albertus,Michael Albertus
O. Chavez,Oscar Chavez
J. Kim,J. Kim
Public Health,Public Health
A. James,A. James
T. Golovkina,Tatyana Golovkina
B. Lessing,Benjamin Lessing
S. Galloway,S. Galloway
C. Schonbaum,Christopher Schonbaum
B. Cumings,Bruce Cumings
M. Santana,Mario Santana
E. Clemens,Elisabeth Clemens
T. Clark,T. Clark
E. Grove,Elizabeth Grove
S. Collins,S. Collins
H. Abdel,H. Abdel
G. Tubb,Gary A. Tubb
W. Sterner,William H. Sterner
Jason Riggle,Jason Riggle
M. Gawryk,M. Gawryk
J. Stockholder,Jessica Stockholder
C. Cohen,C. Cohen
N. Rokem,Na'ama Rokem
F. Ferguson,F. Ferguson
G Tsiang,G Tsiang
R. Pape,R. Pape
D. Bishop,Douglas Bishop
B. Morgan,Benjamin Morgan
M. Gawyrk,M. Gawyrk
M. Kreitman,Martin Kreitman
I. Gafni,I. Gafni
H. Sandroff,H. Sandroff
Ilanit Loewy,Ilanit Loewy
S. Murray,S. Murray
B. Fineschi,Beatrice Fineschi
C. Bohlman,C. Bohlman
S. Caviglia,S. Caviglia
V. Sancho,V. Sancho
B. Ratliff,B. Ratliff
G. Hong,G. Hong
N. Gnedin,Nickolay Gnedin
M. Kapstein,Matthew Kapstein
J. Farquhar,Judith B. Farquhar
H. Nusbaum,Howard Nusbaum
L. Jasarevic,L. Jasarevic
M. Browning,Margot Browning
S. Dulawa,S. Dulawa
A. Lippert,Andrea Lippert
M. Fred,M. Fred
P. Bohlman,Philip V. Bohlman
Actor's Gymnasium,Actor's Gymnasium
IIT Institute,IIT Institute
R. Stolzenberg,Ross M. Stolzenberg
E. Raikhel,Eugene Raikhel
E. Schwartz,E. Schwartz
T. Burch,T. Burch
R. Myerson,Roger Myerson
F. Mpiranya,Fidele Mpiranya
V. Salinger,V. Salinger
H. Badamo,H. Badamo
M. Mart,M. Mart
S. Gal,Susan Gal
K. Arik,Kagan Arik
H. Kim,H. Kim
R. Schultz,R. Schultz
Jordan Fenlon,Jordan Fenlon
L. Gandolfi,L. Gandolfi
D. Dugas,D. Dugas
M. Nobrega,Marcelo Nobrega
M. Ruddat,Manfred D.E. Ruddat
C. Nutter,C. Nutter
T. Pavel,T. Pavel
B. Callender,Brian Callender
E. Annamalai,E Annamalai
T. Dorrance,T. Dorrance
R. Shimer,Robert Shimer
K. MacLeod,Kay Macleod
M. Milburn,M. Milburn
J. Yin,J. Yin
Variant A,Variant A
C. Howe,C. Howe
J. Orlemanski,Julie Orlemanski
M. Gupta,M. Gupta
D. MacAyeal,Douglas R. MacAyeal
M. Hale,Melina Hale
C. Pelizzari,C. Pelizzari
M. Sullivan,M. Sullivan
Transitional Justice,Transitional Justice
T. Lumbsch,Thorsten H. Lumbsch
D. Kovar,David R. Kovar
M. Mikesell,M. Mikesell
Victor Friedman,Victor Friedman
A. Akavia,A. Akavia
A. Woodward,Amanda L. Woodward
J. Kelly,John D. Kelly
A. Abbott,A. Abbott
S. Stoelinga,S. Stoelinga
B. Berry,Brian Berry
D. Kulick,D. Kulick
D. Bluher,Dominique Bluher
K. Krywokulski,K. Krywokulski
A. Yao,A. Yao
Sunny Yudkoff,Sunny Yudkoff
S. Meredith,Stephen C. Meredith
A. Colman,A. Colman
B. Keysar,Boaz Keysar
D. Kondrashov,Dmitry Kondrashov
S. Nooter,Sarah Nooter
E. Slauter,Eric Slauter
J. Greenberg,J. Greenberg
V. Joshua,V. Joshua
J. Evans,J. Evans
Florian Klinger,Florian Klinger
G. Oppenheimer,Geof Oppenheimer
M. Jackson,M. Jackson
M. Coates,Michael I. Coates
William Nickell,William Nickell
N. Atkinson,Niall Atkinson
J. Cacioppo,J. Cacioppo
M. Makinen,Marvin W. Makinen
R. Ritner,R. Ritner
E. Haddadian,E. Haddadian
D. Vander,D. Vander
M. Miller,M. Miller
V. Rawal,Viresh Rawal
W. van,W. van
C. Preston,Charles Preston
G. Norman,Greg J Norman
Lauren Berlant,Lauren Berlant
J. Bridges,Jason Bridges
R. Pippin,Robert B. Pippin
M. Allen,M. Allen
M. Feder,Martin E. Feder
P. Engblom,P. Engblom
K. Heikkinen,Kay Heikkinen
S. Cacioppo,Stephanie Cacioppo
M. Geyer,Michael E. Geyer
J. Lopez,J. Lopez
K. Weintraub,Katy O'Brien Weintraub
S. Yudkoff,S. Yudkoff
J. Pitts,J. Pitts
J. Eyferth,Jacob Eyferth
Greg Kobele,Greg Kobele
R. Guti,R. Guti
M. King,M. King
D. Reid,D. Reid
B. Sotomayor,B. Sotomayor
Human Rights,Human Rights
T. Wootton,T. Wootton
J. Moctezuma,J. Moctezuma
J. Martin,J. Martin
J. Stackert,Jeffrey Stackert
A. Sanderson,Allen R. Sanderson
M. David,M. David
L. Yu,L. Yu
H. Haroutunian,Hripsime Haroutunian
G. Tsiang,G. Tsiang
M. McCarron,Melissa J McCarron
Boris Maslov,Boris Maslov
A. Chong,Anita Chong
Kerri Hunt,Kerri Hunt
R. Herbst,R. Herbst
S. Gaither,S. Gaither
A. Johns,Adrian Johns
J. Chen,J. Chen
R. Zaragoza,Rosemary Zaragoza
B. Roux,Benoit Roux
J. Ransmeier,Johanna Ransmeier
J. Salavon,Jason Salavon
I. Wu,I. Wu
A. Bendelac,A. Bendelac
S. Berry,Sophia Berry
S. Pruett,S. Pruett
S. Dawdy,Shannon L. Dawdy
R. Stevens,R. Stevens
P. Reny,Philip J. Reny
S. Shevell,Steven K. Shevell
J. Collier,J. Collier
Kimberly Kenny,Kimberly Kenny
L. Garvin,L. Garvin
E. Ferguson,E. Ferguson
J. List,J. List
D. Schutter,David Schutter
D. Brudney,Daniel Brudney
S. Goldin,S. Goldin
T. Christianson,T. Christianson
R. Lodato,Raymond Lodato
R. Greene,Raelyn Greene
Amy Dahlstrom,Amy Dahlstrom
B. Callard,Benjamin Callard
B. Patterson,B. Patterson
M. Foote,M. Foote
M. Long,M. Long
P. Goedegebuure,Petra M. Goedegebuure
E. Asmis,Elizabeth Asmis
I. Christian,I. Christian
D. Whitcomb,Donald Whitcomb
Y. C,Y. C
M. Briones,Matthew Briones
S. Levine,S. Levine
J. Marks,Jeremy Marks
Malynne Sternstein,Malynne Sternstein
A. Mueller,A. Mueller
L. Letinsky,Laura L. Letinsky
C. Velasquez,C. Velasquez
Eric Santner,Eric L. Santner
F. Gaitan,F. Gaitan
F. Albritton,F. Albritton
B. Silberman,B. Silberman
E. Linder,E. Linder
M. Sternstein,Malynne Sternstein
L. Berlant,L. Berlant
R. Edmonds,R. Edmonds
T. Leuchter,T. Leuchter
X. Zhuang,Xiaoxi Zhuang
H. Shuman,Howard Shuman
Y. Gilad,Y. Gilad
W. Otten,Willemien Otten
J. Davis,J. Davis
V. Friedman,Victor Friedman
M. Gardel,Margaret L. Gardel
A. Ilieva,Angelina Ilieva
P. Lido,P. Lido
S. Sibener,Steven J. Sibener
in Human,in Human
M. Bhaduri,Mandira Bhaduri
D. Boyer,D. Boyer
M. Sherman,M. Sherman
O. abu,O. abu
W. Mazzarella,William T.S. Mazzarella
J. Lafferty,J. Lafferty
R. Mcleod,Rima McLeod
D. Wolf,D. Wolf
G. Danzer,G. Danzer
T. Wysocki,T. Wysocki
J. Grunebaum,Jason Grunebaum
K. Freed,Karl F. Freed
G. Kindlmann,Gordon L Kindlmann
R. Granados,R. Granados
L. Babai,Laszlo Babai
J. Petrakis,John Petrakis
F. Ciesla,Fred Ciesla
C. Cross,C. Cross
H. Keenleyside,Heather Keenleyside
Associate Researcher,Associate Researcher
D. Zhao,Dingxin Zhao
Wu Hung,Wu Hung
R. Kyne,R. Kyne
L. Waite,Linda J. Waite
A. Winters,A. Winters
H. Hoffmann,H. Hoffmann
N. Hatsopoulos,Nicholas Hatsopoulos
F. Parcerisas,F. Parcerisas
M. Westneat,Mark Westneat
C. Sullivan,C. Sullivan
A. Marcus,A. Marcus
K. Cochran,Kathryn Cochran
J. Waldbauer,Jacob R. Waldbauer
D. Morgan,D. Morgan
A. Ruthenburg,Alex Ruthenburg
C. S,C. S
S. Wolniak,Scott Wolniak
K. Ierulli,Kathryn J Ierulli
T. Schuble,T. Schuble
Judy Hoffman,Judy Hoffman
Brian Bitar,Brian Bitar
Z. Barr,Zachary Barr
T. Gunning,Thomas Gunning
M. Mitchell,M. Mitchell
M. Conzen,Michael P. Conzen
T. Qutbuddin,Tahera Qutbuddin
S. Hedger,S. Hedger
D. Wellbery,David E. Wellbery
C. Taylor,C. Taylor
L. Kay,Leslie M. Kay
S. Perry,S. Perry
N. Rodowick,N. Rodowick
M. Glotzer,Michael Glotzer
A. Palmer,A. Palmer
M. Hunter,M. Hunter
B. VanWassenhove,B. VanWassenhove
S. Van,S. Van
T. Holt,Thomas Holt
B. Brown,B. Brown
M. Van,M. Van
M. Small,M. Small
E. Bashir,Elena Bashir
S. Gzesh,Susan Gzesh
Y. Weizmann,Y. Weizmann
R. Kron,Richard G. Kron
J. Knight,J. Knight
I. Rebay,Ilaria Rebay
K. Ngodup,Karma Ngodup
T. Weiner,Tracy Weiner
Salikoko Mufwene,Salikoko Mufwene
J. Sparrow,James Sparrow
University of,University of
L. Shapiro,Linda Diamond Shapiro
David Levin,David Levin
N. Ben,N. Ben
S. Fenner,Savacea Fenner
L. Zbikowski,Lawrence Zbikowski
S. Levitt,Steven Levitt
D. Licandro,D. Licandro
T. Paschel,T. Paschel
Saar Magal,Saar Magal
K. Lockhart,K. Lockhart
R. Greenberg,Rebecca Greenberg
A. Green,A. Green
S. Burns,S. Burns
M. Alam,M. Alam
G. Aryal,G. Aryal
G. Rosenberg,Gerald N. Rosenberg
R. Nicholson,R. Nicholson
E. Kolb,E. Kolb
J. De,J. De
C. Ando,Clifford Ando
C. Fasolt,Constantin Fasolt
E. Hundman,E. Hundman
D. Schloen,David Schloen
W. Olmsted,Wendy Olmsted
M. Payne,Mark Payne
S. Shaikh,Sabina Shaikh
M. Zhao,M. Zhao
A. Stanley,Amy Dru Stanley
R. Majumdar,Rochona Majumdar
B. Dickinson,Bryan Dickinson
Easley Blackwood,Easley Blackwood
B. Leiter,Brian Leiter
H. Bakara,H. Bakara
M. Willer,Malte Willer
P. Pascoe,Pamela K. Pascoe
Y. Zhao,Yingming Zhao
V. Lima,Victor O. Lima
R. Davis,R. Davis
A. El,A. El
W. Carter,Wayne Carter
H. Park,H. Park
J. Padgett,John Padgett
A. Hunter,A. Hunter
G. Lewis,G. Lewis
S. Allesina,Stefano Allesina
J. Woods,J. Woods
D. Hutchinson,Dennis J. Hutchinson
J. Lear,Jonathan Lear
S. Crosson,S. Crosson
W. Green,William N. Green
T. Abramov,T. Abramov
O. Bashkin,Orit Bashkin
U. Storb,Ursula Storb
M. Kremer,M. Kremer
I. Kimhi,Irad Kimhi
J. Brehm,John Brehm
A. Janco,A. Janco
C. Ragsdale,C. Ragsdale
Unknown,Unknown
T. van,T. van
C. Fromont,C. Fromont
H. Pollack,Harold A. Pollack
S. Hicks,Sam Hicks
J. Dailey,Jane Dailey
D. Luban,D. Luban
M. Bradley,Mark Bradley
B. Muhs,Brian Muhs
M. Tenorio,Mauricio Tenorio
M. Nussbaum,Martha C. Nussbaum
A. Brown,Alfanetta M Brown
A. Hortacsu,Ali Hortacsu
D. Slater,D. Slater
D. Levin,D. Levin
R. Hudson,Richard Hudson
A. Yale,A. Yale
J. Johnson,J. Johnson
J. Decety,Jean Decety
Daria Khitrova,Daria Khitrova
J. Mateo,J. Mateo
A. Shaw,A. Shaw
B. Lahey,Benjamin B. Lahey
C. He,C. He
J. Saville,Julie Saville
W. Nickell,William Nickell
S. Wakely,Scott Wakely
J. Moran,J. Moran
C. Bidwell,Charles E. Bidwell
R. Ho,Robert K. Ho
C. K,C. K
Shanna Carlson,Shanna Carlson
Kaley Mason,Kaley Mason
W. Hu,W. Hu
J. Vandiver,J. Vandiver
R. Rubini,Rocco Rubini
W. Sewell,William Sewell
Traci Parker,Theta L Parker
M. Silverstein,M. Silverstein
Lenore Grenoble,Lenore Grenoble
C. Berry,Christopher Berry
A. Fowler,A. Fowler
R. Morrissey,Robert J. Morrissey
Abigail Ocobock,Abigail Ocobock
N. Bhasin,Navneet Bhasin
J. Hoffman,J. Hoffman
R. Jones,R. Jones
S. Horne,Sally Horne
H. Sonnenschein,H. Sonnenschein
J. Lantos,J. Lantos
S. Griffin,S. Griffin
N. Dauphas,Nicolas Dauphas
X. Dong,Xiaofeng Dong
J. Conant,James Conant
E. Kovar,Elizabeth Kovar
H. Saussy,Haun Saussy
J. Muse,John Muse
M. Ward,M. Ward
T. Mitchell,T. Mitchell
S. Markus,S. Markus
C. Hogan,Craig Hogan
A. Kolata,Alan L. Kolata
R. Taub,R. Taub
J. Frederick,Jack Frederick
R. Richards,Robert J. Richards
G. Langan,George Langan
A. Davidson,A. Davidson
A. Davis,A. Davis
M. Ellmann,Maud Ellmann
A. Gabantxo,A. Gabantxo
K. Choi,K. Choi
H. Givler,H. Givler
David W. Galenson,David W. Galenson
M. Dawson,Michael Dawson
A. Melo,A. Melo
M. Bourdaghs,Michael K. Bourdaghs
R. Jordan,Richard F. Jordan
J. Leitzel,Jim Leitzel
R. Josephs,Robert Josephs
M. Keels,Micere Keels
A. Menendez,Alicia Menendez
M. L,M. L
B. Sinclair,B. Sinclair
Z. Luo,Z. Luo
N. Scherer,Norbert F. Scherer
A. Campbell,A. Campbell
J. Malamy,Jocelyn Malamy
M. Dietler,Michael Dietler
Naomi Beck,Naomi Beck
C. Woods,C. Woods
E. Lyon,Evan Howard Lyon
A. Maggi,Armando Maggi
P. Braun,Paul Braun
R. Keenan,R. Keenan
E. Manzano,E. Manzano
A. Finkelstein,A. Finkelstein
M. Villereal,Mitchel Villereal
B. Wassserstein,B. Wassserstein
K. Matlin,Karl Matlin
Kristen Schilt,Kristen Schilt
D. Durdin,D. Durdin
M. Hopkins,M. Hopkins
S. Stigler,Stephen M. Stigler
S. Branting,S. Branting
G. Engel,Greg Engel
E. Hammer,E. Hammer
Monica McWilliams,Maya McWilliams
B. Hoeckner,Berthold Hoeckner
M. Garrido,Marco Garrido
S. Rings,Steven Rings
D. Martinez,David Martinez
J. Cole,J. Cole
W. Doniger,Wendy Doniger
S. Bartsch,Shadi Bartsch
K. Davey,K. Davey
David Wellbery,David E. Wellbery
R. S,R. S
F. Stuart,F. Stuart
G. Lamppa,Gayle Lamppa
D. N,D. N
E. Fransee,E. Fransee
J. Lucy,John A. Lucy
E. Carter,Evonne Carter
K. Alexander,K. Alexander
D. Finkelstein,David Finkelstein
C. Broughton,C. Broughton
K. Tucker,K. Tucker
K. Taylor,K. Taylor
D. York,Donald G. York
A. Imamoto,Akira Imamoto
R. Moati,R. Moati
R. Rosner,Robert Rosner
of Design,of Design
B. Laurence,Ben Laurence
P. Bouyer,Patrice Bouyer
R. Keller,R. Keller
C. Lee,C. Lee
J. Rhoads,Julia Rhoads
J. Zeitlin,Judith Zeitlin
W. J,W. J
H. Karateke,Hakan Karateke
W. Chen,W. Chen
J. Stewart,J. Stewart
S. Cobey,Sarah Cobey
C. Faraone,Christopher Faraone
M. Fisch,Michael Fisch
J. Snyder,J. Snyder
M. Niekrasz,Marek Niekrasz
A. Callard,Agnes Callard
O. McRoberts,Omar McRoberts
J. Cunningham,J. Cunningham
T. Dupont,Todd Dupont
Adjunct of,Adjunct of
S. Chavel,Simeon Chavel
D. Ronchen,D. Ronchen
K. Pomeranz,Kenneth Pomeranz
K. Warren,K. Warren
Angelina Ilieva,Angelina Ilieva
G. Dwyer,Greg Dwyer
C. Pfister,Cathy A. Pfister
N. Stokey,Nancy L. Stokey
R. Hasselbach,R. Hasselbach
D. McGehee,Daniel McGehee
D. Bevington,D. Bevington
L. Gardnier,L. Gardnier
R. Zorach,R. Zorach
N. Tarcov,Nathan Tarcov
M. Rust,M. Rust
Daniel Smyth,Daniel Smyth
H. Gunawi,Haryadi Gunawi
M. Lowrie,Michele Lowrie
K. Desjardins,Katherine Desjardins
Bozena Shallcross,Bozena Shallcross
Y. Tsivian,Yuri Tsivian
J. Scodel,Joshua Scodel
D. Jablonski,David Jablonski
M. Gibson,M. Gibson
N. Nakamura,Noboru Nakamura
W. Lin,W. Lin
A. Chien,A. Chien
